"pais","cajeros17","camas14","cto_pib16","densidad17","desempleo17","deuda16","electri16","fertil16","gasto_edu16","gasto_id16","gasto_militar17","pib16","pm2517","pobRural17","tierrasCult16"
"Afganistán",1.27466705619395,0.5,2.2603142045464,54.4222053732806,1.55900001525879,NA,84.1371383666992,12.1823004269634,4.20524978637695,NA,0.906856941213615,19046357714.4928,56.9108083545081,74.75,11.8386790429801
"Albania",31.4715787816091,NA,3.35000000000005,104.870693430657,13.75,NA,100,126.138482602815,3.95463991165161,NA,1.24417512390738,11883682170.8236,18.2006025215914,40.617,22.6386856858748
"Alemania",NA,NA,2.2422350985948,236.678002633387,3.74600005149841,2.93949,100,197.228258097424,NA,2.93949,1.22013587055547,3495162856297.22,12.028767360745,22.739,33.6701396839936
"Andorra",NA,NA,1.8891243866394,163.755319148936,NA,NA,100,NA,3.25670003890991,NA,NA,2877311946.90265,10.3076213949548,11.85,1.65957440721228
"Angola",NA,NA,-2.58009724295775,23.8904251223229,7.13899993896484,NA,40.5206069946289,7.98274294483418,NA,NA,2.20133813767605,101123851090.473,32.3885049076425,35.161,3.93037619314992
"Antigua y Barbuda",63.114236768551,3.8,5.58973913496703,231.845454545455,NA,NA,97.3546676635742,13.8700002431869,NA,NA,NA,1464630213.33333,18.6223428464755,75.287,9.09090909090909
"Arabia Saudita",74.3750354978215,2.7,1.67064234738177,15.3223083328294,5.8899998664856,NA,100,176.873741731378,NA,NA,10.2886710302592,644935541440,87.9454466778152,16.378,1.61744251496727
"Argelia",9.38457259774621,NA,3.29999999975597,17.3478809609781,11.996000289917,NA,99.439567565918,22.3152731748937,NA,NA,5.70823510813507,160129866569.935,38.8840106983002,27.948,3.10873571225764
"Argentina",59.3912567589881,5,-1.82254217028903,16.1768563483624,8.34700012207031,0.53274,100,50.3363313137755,5.57217979431152,0.53274,0.909662993261877,554860945013.62,13.311833946835,8.251,14.3238729998648
"Armenia",63.6900559474269,NA,0.200000000000003,102.931155602388,17.8269996643066,0.23305,100,110.495136158374,2.75812005996704,0.23305,3.96803936744534,10546135160.031,32.5281183420597,36.897,15.6796625885663
"Aruba",124.985534081704,NA,-0.211225105612556,584.8,NA,NA,95.5701446533203,NA,6.14321994781494,NA,NA,2646927374.30168,NA,56.707,11.1111111111111
"Australia",162.006414229827,3.8,2.82731051096303,3.19836141871706,5.5939998626709,NA,100,68.103696143155,NA,NA,1.9892926317847,1208039015868.39,8.55032440147794,14.096,5.98646389374963
"Austria",115.303520800955,NA,2.03957498344849,106.607445296677,5.49900007247925,3.08695,100,141.837426373666,NA,3.08695,0.729355232450811,394052818287.788,12.4779667308248,41.906,16.2923066545726
"Azerbaiyán",32.127577209281,NA,-3.10000020204575,119.197205757832,5,0.20637,100,14.0928462278014,2.90340995788574,0.20637,3.93739993685592,37867518957.1975,19.9286636166698,44.657,24.1804765936857
"Bahamas",115.105534604794,NA,-1.68954985564559,39.4966033966034,12.3809995651245,NA,100,144.017499923706,NA,NA,NA,11838800000,17.3677204858567,17.075,0.799200799200799
"Bahrein",NA,2,3.47092370171953,1918.4883566226,0.947000026702881,NA,100,1318.74998034909,NA,NA,4.12382633970671,32250132978.7234,70.8162076823101,10.814,2.05655521989817
"Bangladesh",8.07270767848028,0.6,7.1134894741232,1265.03611431205,4.37200021743774,NA,75.92,289.402271616143,1.53553998470306,NA,1.380750413766,221415188000.475,60.8457845768598,64.142,59.646692486268
"Barbados",NA,5.8,2.00716845878139,664.462790697674,9.48700046539307,NA,100,113.80428641183,5.09272003173828,NA,NA,4529050000,23.0801758047572,68.841,16.2790697674419
"Belarús",55.633456895362,NA,-2.52644643552361,46.792242075569,5.65000009536743,0.50063,100,146.618640458224,4.94654989242554,0.50063,1.19198531432225,47749057078.1996,18.7655799063811,21.866,28.0006679504812
"Bélgica",NA,6.2,1.48867962661147,375.90465653897,7.08599996566772,2.48835,100,318.484803654923,NA,2.48835,0.909485093747525,469738715754.105,12.8865184713072,2.039,28.0515199608343
"Belice",38.9176230672535,1.3,-0.588023649731511,16.4261727312582,9,NA,92.2143173217773,466.248860677083,7.06045007705688,NA,1.25308388957315,1806646250,23.0118921090113,54.399,3.41955282770715
"Benin",NA,NA,3.96485991037314,99.1104292302235,2.1800000667572,NA,41.4026145935059,14.747607421875,3.99468994140625,NA,1.21632173957962,8573159696.61128,38.9999587632257,53.232,23.9446612273856
"Bermudas",NA,NA,NA,1211.87034896797,NA,NA,100,177.099990165234,NA,NA,NA,NA,11.646359194991,0,5.55555567819886
"Bhután",36.5818709013975,NA,8.02210122067797,21.172662035351,2.17000007629395,NA,100,13.2532998657227,6.80557012557983,NA,NA,2219675780.89539,37.926503204094,59.833,2.62164436242134
"Bolivia",40.2254904127924,1.1,4.26391940393987,10.2017908243331,3.23300004005432,NA,93.0391311645508,7.60947450937219,NA,NA,1.75783463172498,33941126193.9219,21.5689865956858,30.92,4.11058801809286
"Bosnia y Herzegovina",51.1041688250624,NA,3.14406999762494,68.49642578125,20.4699993133545,0.21597,100,131.800031219542,NA,0.21597,0.899375541265019,16911088173.7458,27.7476689647337,52.124,20.0390625
"Botswana",32.5711555698903,NA,4.31548650431786,4.04365570906781,17.6310005187988,NA,60.6883964538574,89.5724170003595,NA,NA,3.05253547839686,15648632361.5749,23.094386181065,31.3,0.458066462166316
"Brasil",106.780645806908,2.2,-3.3054543131706,25.0400541268751,12.8269996643066,1.26578,100,186.096114898241,NA,1.26578,1.41002602405451,1796275437087.99,12.7066294740724,13.691,9.68827992830941
"Brunei Darussalam",68.4865087638488,NA,-2.4655149233665,81.346679316888,9.31599998474121,NA,100,141.8,4.42540979385376,NA,2.87922501615293,11400653949.1783,5.90306546792381,22.688,0.94876660341556
"Bulgaria",95.1288445623194,NA,3.9367581489791,65.1800571112749,6.16400003433228,0.78006,100,125.543386638301,NA,0.78006,1.55429169023427,53240950226.2443,19.1491323370921,25.331,32.2033898305085
"Burkina Faso",3.97280208288881,NA,5.93413510489553,70.15125,6.0149998664856,NA,19.1647129058838,21.7735166015625,NA,NA,1.43623029139777,10886363726.8422,42.9355925055958,71.257,21.9298245614035
"Burundi",NA,0.8,-0.600019999969277,423.0625,1.50100004673004,NA,7.58847713470459,5.42425837198894,4.61813020706177,NA,1.9831535621498,2959185295.39019,38.8962679482295,87.294,46.7289719626168
"Cabo Verde",46.9388771905902,NA,4.70579150927118,135.580148883375,12.2410001754761,NA,92.6115875244141,NA,5.36650991439819,NA,0.542081123203603,1663008687.09505,34.7787001010668,34.739,12.4069478908189
"Camboya",16.728591244419,NA,6.86309209821934,90.6717255835033,1.06200003623962,NA,49.7706565856934,17.3935973478618,NA,NA,2.08721131245126,20016747754.0192,25.6142918675755,77.02,21.5273056877408
"Camerún",NA,NA,4.64848155096477,50.8847432886971,3.35899996757507,NA,60.0747680664063,9.66752913936492,2.68755006790161,NA,1.31659418620152,32621535418.9031,72.7930962237353,44.223,13.1158638488714
"Canadá",227.823571113408,NA,1.41410274557691,4.03673422033956,6.34000015258789,1.60407,100,87.6250971073436,NA,1.60407,1.25396003770232,1526953791566.99,6.42838313258525,18.65,4.81288303416393
"Chad",1.53636200650402,NA,-6.25552708545281,11.8329050190597,2.19899988174438,0.32217,8.83089828491211,NA,NA,0.32217,2.15136271457253,10090922857.3905,66.0292054967769,77.142,3.89135959339263
"Chile",52.979852572543,NA,1.26586760300135,24.2823782179862,6.95800018310547,0.36244,100,293.844817856833,5.35063982009888,0.36244,1.91006185435294,250036180921.053,21.0362990619754,12.51,1.70779468194986
"China",NA,NA,6.69999999999993,147.674050750889,4.40000009536743,2.10826,100,503.322119428091,NA,2.10826,1.90884497782157,11190992550229.5,52.6645958291981,42.04,12.6648210894303
"Chipre",48.5203336894209,NA,4.81218762402544,127.657034632035,11.0520000457764,0.50167,100,196.738751510801,NA,0.50167,1.87958080334027,20453761061.9469,17.2944061994662,33.164,9.15909061184177
"Colombia",41.840114881998,1.5,1.96261426732217,44.2231771068049,8.87199974060059,0.26955,99.0044555664063,659.452061160075,4.52090978622437,0.26955,3.10223270495512,282856115393.175,16.5272102219124,19.554,1.52194680088863
"Comoras",4.89605072308549,NA,2.1881974557357,437.351946967305,3.69600009918213,NA,77.8442153930664,NA,NA,NA,NA,1024261820.6281,20.5468245996681,71.216,34.927457210208
"Congo, República del",NA,NA,-2.80001878768313,15.404831625183,10.1560001373291,NA,56.5661697387695,1.84409088134766,NA,NA,6.16705319118021,9035848070.90357,46.6382202758892,33.541,1.61054172767204
"Congo, República Democrática del",NA,NA,2.39937909829004,35.8792210140932,4.10200023651123,NA,17.1473789215088,2.47670284647337,2.1186900138855,NA,0.698773595862802,37134799974.5225,44.9092635986842,56.12,3.13182329458989
"Corea, República de",NA,NA,2.9293047947001,527.918010624996,3.70000004768372,4.22744,100,380.281491907108,NA,4.22744,2.55489759924121,1414804158515.26,25.0394253880491,18.497,14.5760028625023
"Corea, República Popular Democrática de",NA,NA,NA,211.701395232954,3.28699994087219,NA,39.2442245483398,NA,NA,NA,NA,NA,32.0074516237453,38.322,19.5166514409102
"Costa Rica",64.8836244294391,1.1,4.24598987825375,96.0785154719937,8.14200019836426,0.45775,100,604.885834911616,7.11873006820679,0.45775,0,57157992434.219,15.7259203021082,21.44,4.84723854289072
"Côte d'Ivoire",NA,NA,7.97174573809407,76.3985849056604,2.48799991607666,NA,64.3,51.6833378232759,4.9483699798584,NA,1.28044342958904,35389998638.9371,25.8862663364222,49.674,9.11949685534591
"Croacia",140.381651016327,5.89,3.53612954934364,73.7049857040743,11.2080001831055,0.84581,100,119.309633027523,NA,0.84581,1.43693076288569,51640880494.2725,17.9017722884016,43.333,15.5825589706934
"Cuba",NA,5.2,0.513761467889907,110.407960007691,2.27800011634827,0.34865,100,49.4462403044873,NA,0.34865,NA,9.137e+10,19.7060474004201,23.023,28.7387031565444
"Curacao",NA,NA,NA,360.754504504505,NA,NA,100,NA,NA,NA,NA,NA,NA,10.797,NA
"Dinamarca",50.0573547095148,NA,2.39968219011206,137.294117647059,5.74300003051758,2.87125,100,131.147789473684,NA,2.87125,1.1743563530405,311988101661.744,10.0296534385694,12.243,56.5610859728507
"Djibouti",12.1305857556597,1.4,8.72226006105292,41.28494391717,11.1639995574951,NA,51.7826919555664,NA,NA,NA,NA,1764268468.93991,45.5496175977411,22.352,0.0862812769628991
"Dominica",36.2794554626494,NA,2.52204573406682,98.5666666666667,NA,NA,100,88.0516688028973,NA,NA,NA,575468222.222222,19.4931537608634,29.819,8
"Ecuador",50.2806115373074,NA,-1.22638398463877,66.9385488806571,3.83599996566772,NA,99.9368133544922,345.441918545082,NA,NA,2.44525303013686,99937696000,14.8861006610676,36.33,3.92977935255275
"Egipto, República Árabe de",NA,1.6,4.34664345555436,97.9990466623135,11.7700004577637,0.70848,100,649.194044474581,NA,0.70848,1.28592370657335,332927833278.038,86.9994520503272,57.295,2.79950777992993
"El Salvador",37.2643558448041,1.3,2.58057746976483,307.811438223938,4.38500022888184,0.14662,98.618896484375,132.377977389332,3.86991000175476,0.14662,0.900517693929695,23912227500,24.4722922946922,28.725,35.5694980694981
"Emiratos Árabes Unidos",65.5058467242258,NA,2.98844182081464,132.359124190369,2.46300005912781,0.96366,100,NA,NA,0.96366,NA,357045064669.843,40.9175098248731,13.752,0.626584060827936
"Eslovenia",93.6550563235978,NA,3.14835548996039,102.59100635951,6.56400012969971,2.00202,100,258.940606567552,NA,2.00202,0.998213669123627,44708598648.8562,16.0239799760869,45.727,9.12918326583366
"España",111.834936211599,NA,3.1725896604465,93.2676743266276,17.2240009307861,1.18549,100,143.966128806536,NA,1.18549,1.24256230721419,1237499479181.11,9.69792786284953,19.92,24.6958949671581
"Estados Unidos",NA,NA,1.56721516988173,35.5452270694906,4.35500001907349,2.74418,100,138.594847713652,NA,2.74418,3.14922157590148,1.8707189e+13,7.40944166188307,17.942,16.6454038406458
"Estonia",67.9896269948574,NA,3.48909711147971,30.3055900621118,5.76000022888184,1.28129,100,112.681034482759,NA,1.28129,2.098303197163,23984296770.8115,6.73212401545877,31.283,16.0110420979986
"Eswatini",30.0408695550924,NA,3.22247241618905,79.491511627907,22.3400001525879,NA,65.7902069091797,NA,NA,NA,1.75285296471699,3817430000,17.1687873115117,76.375,10.1744186046512
"Etiopía",NA,NA,7.56176669205257,104.957438,1.80999994277954,NA,42.9,14.433712112343,NA,NA,0.65965531917494,73000980433.9486,38.9787377576037,79.69,15.119
"Federación de Rusia",163.926125254343,NA,-0.224910984282289,8.82322079860193,5.21199989318848,1.09557,100,18.4636402729436,NA,1.09557,4.26246905819036,1282663609770.69,16.1602238064949,25.708,7.51803124238636
"Fiji",50.1771639866915,NA,0.380003448395996,49.5622331691297,4.14300012588501,NA,98.6460494995117,46.0331513375947,NA,NA,0.901019873566709,4671313314.55578,10.8401599042944,44.258,9.0311986863711
"Filipinas",28.3058133893016,NA,6.8757148228183,351.873394372338,2.55200004577637,NA,90.9816131591797,157.424038461538,NA,NA,1.39055908308517,304889079564.142,18.0697989132741,53.318,18.7476942683704
"Finlandia",32.5151160222015,NA,2.7719255201694,18.1244908031983,8.64000034332275,2.74645,100,80.5097951914515,NA,2.74645,1.4377584242957,239009517793.721,5.86133100081928,14.675,7.39034582606693
"Francia",NA,NA,1.17105015179229,122.554389693596,9.39700031280518,2.24805,100,163.139086068431,NA,2.24805,2.25522862089854,2465134297438.91,11.8149636162893,19.82,33.5233047587298
"Gabón",NA,NA,2.09144220829562,7.85942096479994,19.3740005493164,NA,91.3955001831055,26.7664002403846,NA,NA,2.05564388549373,14014369641.7689,44.3855484644179,11.024,1.26130321729344
"Gambia",NA,NA,0.405596455448503,207.566007905138,8.9060001373291,NA,47.7570877075195,1.23534089868719,3.08512997627258,NA,NA,1442298542.44008,33.9826385538147,39.401,43.4782608695652
"Georgia",75.9305312960324,NA,2.84897337602513,65.0320165156234,13.9300003051758,0.30104,100,170.832122093023,3.78477001190186,0.30104,2.22513922924217,14378016729.1587,22.1960546181194,41.769,4.95035256871492
"Ghana",11.5308728684598,NA,3.44779299129728,126.718946119364,6.62900018692017,NA,79.3,20.8765957446809,5.76632022857666,NA,0.406035055008352,55009730600.0307,34.713514102152,44.593,20.6557088863497
"Gibraltar",NA,NA,NA,3457.1,NA,NA,100,NA,NA,NA,NA,NA,NA,0,NA
"Granada",44.0678392908855,3.7,3.73561413158529,317.132352941176,NA,NA,92.344367980957,NA,10.2931299209595,NA,NA,1061631222.22222,22.722687475907,63.836,8.82352941176471
"Grecia",61.5326147029168,NA,-0.19095227668727,83.4253762606672,21.488000869751,1.007,100,123.011214953271,NA,1.007,2.50615718393274,195222443512.937,16.2182663806558,21.276,16.6020170674942
"Groenlandia",NA,NA,7.66299889492275,0.136852235351444,NA,NA,100,NA,NA,NA,NA,2705898955.68727,11.6021794589767,13.426,NA
"Guam",NA,NA,0.250288794763193,304.127777777778,5.24499988555908,NA,100,NA,NA,NA,NA,5.793e+09,11.6344068102394,5.301,1.85185185185185
"Guatemala",36.0577787443354,0.6,3.09248255769093,157.834107876073,2.68400001525879,NA,91.7792282104492,303.15318662993,2.83280992507935,NA,0.373221347790199,68663653469.1246,24.0706489340746,49.32,8.04404628592759
"Guinea",2.24702055288417,NA,10.4541058171845,51.7547452384828,3.57200002670288,NA,33.5,1.5685838859312,2.51799988746643,NA,2.33246673563621,8694360304.56367,26.062490198745,64.207,12.6159856747518
"Guinea Ecuatorial",NA,NA,-8.53391058524575,45.1939037433155,9.15499973297119,NA,67.889289855957,NA,NA,NA,NA,11260900825.8233,53.2406210371101,28.354,4.27807486631016
"Guinea-Bissau",NA,NA,6.26280563780463,66.1907183499289,4.03299999237061,NA,14.6557903289795,NA,NA,NA,NA,1178204501.38801,29.774702280636,57.055,10.6685633001422
"Guyana",20.2789074014391,1.6,3.31613165474853,3.95153162306325,12.1149997711182,NA,84.2429046630859,44.6040480840774,6.06099987030029,NA,1.44367725358619,3504024213.07506,22.3755746295002,73.462,2.13360426720853
"Haití",1.9699901215185,NA,1.45270702675018,398.448076923077,13.4049997329712,NA,38.6901664733887,NA,2.44958996772766,NA,0.000887482706635177,7970649131.23416,15.0198243767223,45.654,38.8243831640058
"Honduras",23.8899011877055,0.7,3.75214890971107,82.8051389757798,4.0479998588562,NA,87.5766296386719,164.317604932598,6.30177021026611,NA,1.57823031163463,21643936938.9096,20.6288506487651,43.543,9.1160961658772
"Hong Kong, Región Administrativa Especial",NA,NA,2.16292329544639,7039.71428571429,3.08999991416931,0.79144,100,2704.00336710612,3.29264998435974,0.79144,NA,320881182123.855,NA,0,2.85714285714286
"Hungría",60.9371530466981,NA,2.28079775023321,108.118480061858,4.1560001373291,1.20606,100,128.252543940796,NA,1.20606,1.05492693100073,126007978024.32,15.9260481922424,28.938,47.763172429029
"India",22.0651156767536,NA,8.16952650546381,450.418616704617,2.55699992179871,NA,84.5268173217773,165.848155794022,NA,NA,2.49304554388627,2290432075123.55,90.8732104688993,66.4,52.6246220389548
"Indonesia",55.6141943330245,NA,5.03306918280214,145.725188096513,4.18499994277954,NA,97.62,231.36957712766,NA,NA,0.809337385992921,931877364177.742,16.5026533008949,45.341,12.9721733082354
"Irán, República Islámica del",76.4881431511103,1.5,13.3962444619863,49.831029740416,12.1000003814697,NA,100,76.2920466441411,3.36576008796692,NA,3.0992593494529,418976679728.567,38.9787602813703,25.606,9.01728922615978
"Iraq",2.67839620090321,1.4,13.0241537218475,88.1643600763276,7.89099979400635,0.03631,100,35.8172511474609,NA,0.03631,3.85510554446111,170559560067.682,61.6362357139826,29.722,11.5173403006044
"Irlanda",89.500261429938,NA,4.98758243684672,69.8406299898389,6.71000003814697,1.17681,100,1247.93825322309,NA,1.17681,0.356780589521843,302242900803.522,8.20857673526837,37.053,6.47408912759472
"Isla de Man",NA,NA,7.40000000000001,147.871929824561,NA,NA,100,NA,NA,NA,NA,6592627599.24386,NA,47.542,41.2280701754386
"Isla de San Martín (parte francesa)",NA,NA,NA,590.533088235294,NA,NA,71.9702835083008,NA,NA,NA,NA,NA,NA,NA,NA
"Islandia",89.4708685093882,3.2,7.35147530184462,3.42543640897756,2.74200010299683,2.0754,100,181.528925619835,NA,2.0754,0,20716024757.4057,6.48114726265749,6.227,1.2069825436409
"Islas Caimán",NA,NA,3.53565894998683,256.495833333333,NA,NA,100,NA,NA,NA,NA,NA,NA,0,0.833333345750967
"Islas del Canal",NA,NA,NA,834.919224090548,7.34700012207031,NA,100,NA,NA,NA,NA,NA,NA,69.086,19.6969709375929
"Islas Feroe",NA,NA,NA,35.3080213789178,NA,NA,100,NA,NA,NA,NA,NA,NA,58.086,2.1489970407132
"Islas Marshall",NA,NA,1.91049498750886,295.15,NA,NA,93.1380462646484,NA,NA,NA,NA,194497900,10.2413322193799,23.366,11.1111111111111
"Islas Salomón",12.0358507875458,NA,3.45660642437728,21.8414790996785,1.77100002765656,NA,47.9191436767578,NA,NA,NA,NA,1232699139.42779,11.8791218449166,76.714,0.714540907466953
"Islas Turcas y Caicos",NA,NA,NA,37.3115789473684,NA,NA,95.700439453125,NA,NA,NA,NA,NA,NA,7.18300000000001,1.05263157894737
"Islas Vírgenes (EE.UU.)",NA,NA,0.936995153473347,306.48,8.46199989318848,NA,100,NA,NA,NA,NA,NA,10.2653122841077,4.39700000000001,2.85714285714286
"Islas Vírgenes Británicas",NA,NA,NA,207.973333333333,NA,NA,NA,NA,NA,NA,NA,NA,NA,52.663,6.66666666666667
"Israel",121.258372180984,NA,4.00788872389455,402.647874306839,4.21500015258789,4.25121,100,280.677966101695,NA,4.25121,4.72554299519915,319377923613.703,21.3811022400146,7.664,13.6321626617375
"Italia",92.400918600721,NA,1.14551282211828,205.809169103148,11.2110004425049,1.28566,100,129.847318994244,NA,1.28566,1.52231264638547,1869117192194.75,16.7507119446607,29.856,22.4450941728429
"Jamaica",31.7897826742998,NA,1.38065838326224,266.878947368421,11.6590003967285,NA,98.2042694091797,57.246332804362,5.31865978240967,NA,0.903537784704449,14072135208.5664,13.4041505299481,44.622,11.0803324099723
"Japón",127.766988406163,NA,0.938193886449625,347.777586679833,2.79999995231628,3.14081,100,242.184512428298,3.46745991706848,3.14081,0.934960013781154,4949273341993.88,11.7047781866642,8.465,11.4768488040377
"Jordania",27.9981513549379,1.9,2.00373364209914,109.285345798603,14.878999710083,0.33201,100,112.045859460028,3.89620995521545,0.33201,4.79778790473561,38654727746.4789,33.0060811782318,9.253,2.67244868784451
"Kazajstán",74.5997409588432,NA,1.09999999999941,6.68140015557284,4.90000009536743,0.14179,100,4.32556557237625,2.97810006141663,0.14179,0.841222461618476,137278320084.171,13.8242883553909,42.664,10.8882468422417
"Kenya",NA,NA,5.86919769831908,87.3244930948449,9.29199981689453,NA,56,38.1802193056304,5.36266994476318,NA,1.23070762931394,70875223143.0362,28.5783742715702,73.438,10.1908142109147
"Kirguistán",33.4303962512572,NA,4.3358559012983,32.3159541188738,6.8899998664856,0.11121,99.9961013793945,31.4107142857143,6.58615016937256,0.11121,3.15817105574688,6813092065.83507,22.737768057102,63.865,6.71532846715329
"Kiribati",NA,NA,5.12975052525447,143.701234567901,NA,NA,84.9362716674805,NA,NA,NA,NA,178328873.030033,10.6408558565694,46.738,2.46913580246914
"Kosovo",36.0109186230606,NA,4.05657859621029,168.154679893451,NA,NA,100,NA,NA,NA,NA,6714712389.38053,NA,NA,NA
"Kuwait",64.4286074046025,2,3.54700508846648,232.128395061728,1.99699997901917,0.07878,100,750.723785400391,NA,0.07878,5.7511657679889,110912280701.754,60.7451595380732,0,0.448933782267116
"Lesotho",NA,NA,3.17898668264355,73.5618906455863,23.613000869751,NA,29.7333087921143,NA,NA,NA,2.23077501556587,2323419619.1784,28.0286535158261,72.27,11.5942028985507
"Letonia",61.8848925513333,NA,2.06438129607109,31.2358957864265,8.71500015258789,0.44292,100,104.192546583851,NA,0.44292,1.72165391597291,27695474684.447,13.4264575158321,31.925,20.7140559665487
"Líbano",40.6584879403334,2.9,1.74074199044236,594.560801564027,6.11399984359741,NA,100,330.925452030066,NA,NA,4.51384913383659,51483909754.8922,30.6211105076066,11.571,12.9032258064516
"Liberia",NA,NA,-1.59958407502003,49.1269310631229,2.02800011634827,NA,19.8,NA,4.00885009765625,NA,0.638154205607477,3277826000,17.9841124551525,49.303,5.19102990033223
"Libia",3.75581851622896,3.7,-2.79546888990185,3.62288780022051,17.1219997406006,NA,98.5367279052735,11.6511627906977,NA,NA,NA,26221660076.2226,54.2546817939319,20.183,0.977528217602328
"Liechtenstein",NA,NA,NA,237.0125,NA,NA,100,NA,NA,NA,NA,6214633651.30911,NA,85.685,13.5000005364418
"Lituania",46.7498907877671,NA,2.3531813074454,45.151861559541,7.07299995422363,0.84724,100,131.865017792662,NA,0.84724,1.74849355409919,42973365745.2891,11.8532823587456,32.484,34.203889257236
"Luxemburgo",115.39664963297,4.9,2.41143078605366,245.405761316872,5.52199983596802,1.24366,100,262.107983188199,NA,1.24366,0.506057732972932,58961235412.2227,10.3646374004433,9.273,25.4567903746303
"Macedonia del Norte",59.4074010904226,NA,2.84844146117298,82.5995241871531,22.3810005187988,0.43287,100,79.3148815448468,NA,0.43287,0.982591845991025,10672471860.7184,29.7269445083568,42.252,16.4948453608247
"Madagascar",2.79570307062933,NA,4.17999023566718,43.9513492609144,1.6690000295639,0.01498,22.9,5.17497140066964,NA,0.01498,0.585291220334417,10001193315.1966,22.5422828750867,63.478,6.01581299415607
"Malasia",46.7511306545785,NA,4.22341019438007,96.2540374372242,3.41000008583069,NA,100,1723.38931405896,4.82753992080688,NA,1.12545305226534,296752886724.682,16.0358087060705,24.553,2.68452290366763
"Malawi",NA,NA,2.48404062641868,197.519134493,5.46799993515015,NA,11,21.6058956106086,4.74856996536255,NA,0.770181559510525,5433040159.88747,23.5659214726087,83.286,40.3054730589733
"Maldivas",35.0103385230425,NA,7.28918630548748,1454.43333333333,5.82999992370605,NA,100,314.899988543682,4.25198984146118,NA,NA,4414055724.80263,7.79582079890031,60.62,13.0000003178914
"Malí",NA,NA,5.79999999505212,15.1959776756079,9.4350004196167,NA,35.0694999694824,44.2350220811886,3.09070992469788,NA,3.05409374754473,14010787737.8424,38.5266061638458,58.428,5.25409977134708
"Malta",55.2540839817784,4.7,5.23058494709528,1462.496875,4.56699991226196,0.59697,100,264.601981960309,NA,0.59697,0.531739045329309,11274020600.9269,13.9095433663149,5.45399999999999,28.3437490463257
"Mariana",NA,NA,28.2238442822384,119.878260869565,NA,NA,100,NA,NA,NA,NA,1.25e+09,9.89298112932514,8.47,2.17391304347826
"Marruecos",26.9793106722538,1.1,1.12597745123138,80.0797221599821,9.05300045013428,NA,100,71.1056340329028,NA,NA,3.15289970401785,103345296966.607,32.5935414574286,38.092,18.2164463365449
"Mauricio",43.5042726807687,NA,3.83795242599929,622.962068965517,6.7519998550415,NA,98.7817840576172,235.307998046875,5.01359987258911,NA,0.180650269220452,12232463655.5727,14.4578273223582,59.159,36.9458128078818
"Mauritania",NA,NA,2.00000000023441,4.28852624429999,10.2760000228882,NA,41.6521072387695,NA,2.63106989860535,NA,NA,4739298730.42216,47.4229917763898,47.176,0.436596487823809
"México",53.5322710277067,NA,2.89785956923329,66.4437233467939,3.42000007629395,0.4865,100,114.006216204237,NA,0.4865,0.501742892217072,1077779580638.77,20.9211157874081,20.133,11.6062655932509
"Mónaco",NA,NA,3.21384883419209,19347.5,NA,NA,100,NA,1.37101995944977,NA,NA,6468252212.38938,NA,0,NA
"Mongolia",NA,NA,1.1683934561722,1.97974136821236,6.35900020599365,0.18342,81.775032043457,39.9686710595766,5.18211984634399,0.18342,0.737103433743093,11186734674.3847,40.1128490470476,31.637,0.365096946501603
"Montenegro",80.8327109085359,NA,2.89999999999976,46.2730855018587,16.0709991455078,NA,100,285.207770453559,NA,NA,1.66709874075207,4374130530.97345,20.7818135501738,33.523,0.669144981412639
"Mozambique",8.93156667799138,NA,3.76327559260542,37.7283679645973,3.17300009727478,NA,24.1983394622803,3.72271333137445,NA,NA,0.814664612405456,10981358030.5316,21.2986954591341,64.545,7.18482158752766
"Myanmar",4.37892469127877,NA,5.86247291517364,81.7213955411282,1.55099999904633,NA,57.0093841552734,17.8731736454895,NA,NA,2.48330400391302,63256184700.2223,35.5574529190767,69.678,16.7023948061493
"Namibia",NA,NA,0.641649561288446,3.0776445723864,23.0879993438721,NA,51.7824249267578,26.1067136383057,NA,NA,3.38226697888262,11281259987.2185,25.3587653984573,50.995,0.971711061715799
"Nauru",NA,NA,10.4000039995401,643.8,NA,NA,99.2028045654297,NA,NA,NA,NA,102060129.577055,NA,0,NA
"Nepal",10.2756014066069,NA,0.588678498822517,204.429703522846,1.25300002098083,NA,90.7,74.0784812158865,4.44098997116089,NA,1.55275226969285,21185922407.5922,99.7343737198505,80.664,14.7450293070937
"Nicaragua",17.6546470022455,0.9,4.65875919160213,51.6667857736414,4.21299982070923,NA,81.7967987060547,61.4632126828457,4.11263990402222,NA,0.609922666005609,13184989877.5664,17.6141804489581,41.701,12.4979225527672
"Níger",NA,NA,4.92593093257608,16.9553548590827,0.284999996423721,NA,16.2172336578369,0.402090467725481,4.04160022735596,NA,2.67475842476021,7528285443.60769,94.0538176774282,83.65,13.2628088734507
"Nigeria",16.3208603511276,NA,-1.61686895000074,209.587833371762,6.01300001144409,NA,59.3,5.47036730238971,NA,NA,0.411707322019499,404649527537.713,71.7981743753326,50.481,37.3310495514784
"Noruega",36.377237901599,NA,1.1873547638491,14.4525759458847,4.16200017929077,2.03222,100,203.896263962854,NA,2.03222,1.64337591312092,371344761904.762,6.95651980294718,18.129,2.20509249665326
"Nueva Caledonia",NA,NA,NA,15.3424507658643,13.7969999313354,NA,100,238.141034375987,NA,NA,NA,NA,NA,29.744,0.341356661439724
"Nueva Zelandia",65.8806935257668,NA,3.4714568346147,18.2062967604724,4.7020001411438,NA,100,1777.23859649123,6.30374002456665,NA,1.15844422496687,189285950470.754,5.95600112941562,13.534,2.16474877520793
"Omán",37.7106153037236,1.6,4.98017097200616,14.979844911147,3.13700008392334,0.25511,100,468.068437476629,6.10957002639771,0.25511,12.0727196538761,65941482444.7334,41.1152382655137,16.44,0.181292409080296
"Países Bajos",44.6135987317096,NA,2.19171372514313,508.497951914515,4.83900022506714,2.03247,100,288.924124513619,NA,2.03247,1.22507212140197,783528181704.567,12.0344080729237,8.923,30.5135054912437
"Pakistán",10.4352180086228,0.6,5.52673584474448,255.572793430884,3.18099999427795,NA,99.1474380493164,144.330090206186,2.49180006980896,NA,3.49548316214619,278654637737.69,58.2824187715197,63.558,40.2656704026567
"Palau",45.8452722063037,NA,0.526568960576412,47.2369565217391,NA,NA,99.2893524169922,NA,NA,NA,NA,303984500,NA,20.635,2.17391304347826
"Panamá",70.6637791849304,NA,4.96646184067421,55.1329970406242,3.90000009536743,NA,93.4178009033203,49.122858674234,NA,NA,0,57957594212.2216,11.4000543321554,32.635,7.57331181059995
"Papua Nueva Guinea",NA,NA,1.59238532351476,18.2201165923243,2.35199999809265,0.03294,22.9321537017822,112.052132568359,NA,0.03294,0.487510467140312,19028120012.7673,12.2944182563739,86.898,0.662456388287771
"Paraguay",27.116664666882,NA,4.31290497002365,17.1439642587465,4.61499977111816,0.15366,98.4,110.3495703125,4.52037000656128,0.15366,1.1841593158456,36054281572.3981,11.9090808488171,38.7,12.0815504656431
"Perú",106.572407542271,1.6,3.95130919243149,25.12928515625,3.46000003814697,0.12024,94.8517456054688,127.699871276368,3.81826996803284,0.12024,0.977383367117412,191639655121.33,24.786728048654,22.28,2.740625
"Polinesia Francesa",NA,NA,NA,77.3243169398907,12.0970001220703,NA,100,252.032006835938,NA,NA,NA,NA,NA,38.216,0.683060109289617
"Polonia",NA,NA,3.06260036695409,124.0237303635,4.88700008392334,0.96538,100,172.817138626689,NA,0.96538,1.95678562509467,471992087443.889,20.8778222190899,39.895,35.291812273425
"Portugal",168.039179211895,NA,1.92573570456346,112.441821058412,8.86699962615967,1.26565,100,199.396122704945,NA,1.26565,1.73364324954249,206275669201.916,8.16075224791735,35.348,10.6835174794543
"Puerto Rico",NA,NA,-1.32692791972569,374.859188275085,10.8000001907349,NA,100,NA,NA,NA,NA,103960800000,8.34903333944518,6.413,6.8771138669673
"Qatar",59.0419541038998,1.2,2.13131091589808,227.322222222222,0.140000000596046,NA,100,6755.24466514259,NA,NA,NA,151732142857.143,91.1873279323164,0.921999999999997,1.23169682952066
"Región Administrativa Especial de Macao, China",313.152787448703,NA,-0.863118775980453,20479.1778885587,2,0.23367,100,NA,3.08310008049011,0.23367,NA,45310877912.7215,NA,0,NA
"Reino Unido",128.126940951724,NA,1.78923605462249,272.902451122225,4.33500003814697,1.68847,100,252.90367245894,5.54179000854492,1.68847,1.83483677072318,2659238931670.25,10.4726903888942,16.857,24.9080716142066
"República Árabe Siria",NA,1.5,NA,99.4928279692861,8.0310001373291,NA,100,7.55148887552452,NA,NA,NA,NA,43.7572594654519,46.5,25.3880084953439
"República Centroafricana",1.32247443279072,NA,4.53128596327306,7.47869915567113,6.44700002670288,NA,13.9851121902466,NA,NA,NA,1.32356645728568,1755468136.86556,56.8284973827312,59.02,2.88933834151979
"República Checa",55.6509853157935,NA,2.45054238739621,137.198109298109,2.89000010490417,1.6783,100,196.147153167602,NA,1.6783,1.05176691235589,195090272402.729,16.0712453523646,26.325,32.2973322973323
"República de Moldova",36.7432857506673,NA,4.49999996561689,123.654509353119,4.09800004959106,0.32888,100,24.4075952543221,6.66130018234253,0.32888,0.420677746474354,6795731286.20042,16.2510327081515,57.443,55.557921825118
"República Democrática Popular Lao",26.0924502657476,NA,7.02309187410415,29.7147313691508,0.602999985218048,NA,87.0957717895508,NA,NA,NA,NA,15805707154.2329,25.1095383439169,65.632,6.60745233968804
"República Dominicana",39.0152088377724,1.6,6.61220822292972,222.873069757814,5.83199977874756,NA,100,88.0897143554687,NA,NA,0.661908657256781,72342967648.3354,13.726321150433,19.723,16.5597184847858
"República Eslovaca",60.6883744524428,NA,3.12541010471965,113.128785357737,8.13099956512451,0.78965,100,125.762435040831,NA,0.78965,1.18865857000652,89848359304.5293,17.5629113438527,46.249,28.0158069883527
"Ribera Occidental y Gaza",NA,NA,4.70843525605618,778.202159468439,27.4440002441406,NA,100,NA,5.7177300453186,NA,NA,13425700000,33.2256303758951,24.106,8.44186041442262
"Rumania",66.6932347677366,NA,4.80081006663333,85.1181589012517,4.92700004577637,0.48209,100,59.9074807737124,NA,0.48209,1.97166664740767,188494136775.719,14.6113401886611,46.064,37.3000695410292
"Rwanda",5.55532598406579,NA,5.98131491296596,494.868544791244,0.953999996185303,NA,29.37,10.8574980343891,3.53978991508484,NA,0.974517289661775,8475681532.52169,43.2102171630293,82.875,46.6842298813085
"Saint Kitts y Nevis",88.4393850061227,NA,2.3175085237005,212.865384615385,NA,NA,100,0.460000014305116,NA,NA,NA,958973183.222222,NA,69.227,19.2307692307692
"Samoa",49.7708134316976,NA,7.1694201044955,69.4134275618375,8.32400035858154,NA,100,4.63750004768371,4.08104991912842,NA,NA,786640006.097846,11.5480270054414,81.548,2.82685512367491
"Samoa Americana",NA,NA,-2.61941448382126,278.205,NA,NA,NA,NA,NA,NA,NA,6.53e+08,12.4738202417443,12.83,15
"San Marino",182.892515475521,NA,2.2,556.666666666667,NA,NA,100,NA,NA,NA,NA,1564380530.97345,NA,2.928,16.6666666666667
"San Vicente y las Granadinas",35.8213232396805,2.6,1.97545593919382,281.78717948718,19.7310009002686,NA,100,NA,5.79986000061035,NA,NA,770762204.076067,22.2005163158424,48.216,12.8205128205128
"Santa Lucía",43.426712253226,NA,3.36515311590185,293.186885245902,20.7900009155273,NA,97.7609176635742,170.89333597819,5.71023988723755,NA,NA,1635675296.2963,22.4008171246298,81.388,4.91803278688525
"Santo Tomé y Príncipe",27.3986677397812,NA,4.1792092680182,212.840625,13.1389999389648,NA,65.4404830932617,NA,5.07532978057861,NA,NA,354237479.156978,28.5395843568146,28.032,9.06249980131785
"Senegal",NA,NA,6.22844989622426,82.3277774892225,6.43699979782104,NA,64.5,16.409375,6.62560987472534,NA,1.89663492255784,18973894458.795,40.6958258953758,53.26,16.6207863709552
"Serbia",45.7658986412207,NA,2.79732371859058,80.275074319689,13.4770002365112,0.89059,100,244.787104864319,3.8617799282074,0.89059,1.8285005701376,38299854688.1277,24.7263581904237,44.058,29.7050080036588
"Seychelles",79.1637695257869,NA,4.50303159109606,208.354347826087,NA,0.22162,100,521.733314127394,4.4183201789856,0.22162,1.56558173470193,1427525456.57573,20.1786493605547,43.739,0.32608696947927
"Sierra Leona",NA,NA,6.05547402877262,104.699528955389,4.32499980926514,NA,20.3,NA,3.06023001670837,NA,0.723329848889693,3556036534.56923,21.6259466795766,58.364,21.9451371571072
"Singapur",65.1584861594183,NA,2.39702145797342,7915.73043612911,3.90700006484985,NA,100,30237.8556190309,NA,NA,3.32116165109843,309763879840.753,19.0782564997534,0,0.789844838268139
"Sint Maarten (Dutch part)",NA,NA,0.432506259959027,1209.08823529412,NA,NA,100,NA,NA,NA,NA,NA,NA,0,NA
"Somalia",NA,0.9,NA,23.5000526030542,13.9130001068115,NA,29.8903179168701,NA,NA,NA,NA,6761998533.93861,32.0345842282344,55.609,1.75343513884018
"Sri Lanka",NA,NA,4.46882968833408,341.955031095519,4.17999982833862,NA,95.5882339477539,131.922626201923,3.47508001327515,NA,2.17197202941532,81787420023.358,11.0996172423996,81.616,20.7303460373146
"Sudáfrica",67.9308577528931,NA,0.565344943824186,46.754285337444,27.3269996643066,NA,84.2,58.5116,5.94058990478516,NA,1.04749032315992,295746599722.066,25.1022049863671,34.15,10.3042643167448
"Sudán",5.42385283740669,NA,4.70000004201418,23.2584175084175,12.7729997634888,NA,38.5284423828125,7.17265819761016,NA,NA,3.18315616908367,95584380032.2061,55.3708344433937,65.63,NA
"Suecia",31.9788182104324,NA,2.68396634344812,24.6929807763129,6.71799993515015,3.2549,100,96.3364418131532,NA,3.2549,1.0252538976416,512205240408.433,6.18466509039924,12.854,6.32098425684675
"Suiza",97.7698228210451,NA,1.60122355611645,213.858963233965,4.79699993133545,NA,100,214.407293234038,5.12430000305176,NA,0.683630212886557,670181065629.156,10.3031001048906,26.239,10.0895840255573
"Suriname",NA,NA,-5.56119342399026,3.61155128205128,7.59899997711182,NA,87.1763153076172,217.708608774038,NA,NA,NA,3152173913.04348,24.7800105357684,33.959,0.416666666666667
"Tailandia",117.279135273802,NA,3.28268307477235,135.131854215193,0.632000029087067,0.78133,100,161.710310083284,NA,0.78133,1.4225838601984,411755164832.674,26.2567265583447,50.8,32.9033647164752
"Tanzanía",NA,NA,6.86711619640732,64.6985990065478,1.93900001049042,NA,32.8,12.6044950448495,NA,NA,1.13727681044951,49774021003.0821,29.0766405124356,66.947,15.240460600587
"Tayikistán",NA,NA,6.87296416938112,64.2794365588299,10.7379999160767,0.10685,100,81.3773973438838,NA,0.10685,NA,6952678127.03396,46.1521853683313,73.018,5.25974493839614
"Timor-Leste",12.5846901772389,NA,0.827857234892406,87.176260928043,2.96300005912781,NA,63.3941383361816,NA,NA,NA,0.906903988782376,2.521e+09,19.2572091668723,69.788,10.4236718224613
"Togo",3.92949735362622,NA,5.09999205281729,143.366317337746,1.65799999237061,NA,46.9283752441406,11.0261247051887,5.06326007843018,NA,1.93526087973578,4457732624.94515,35.7313356081261,58.838,48.7221915793344
"Tonga",36.067229315444,NA,3.37947374984412,150.027777777778,1.00300002098083,NA,97.02,39.3005540635851,NA,NA,NA,401117499.988895,10.7854788558585,76.831,25
"Trinidad y Tobago",43.0839649399632,3,-5.95706134719481,266.885964912281,2.81699991226196,0.09175,100,356,NA,0.09175,0.891169421188916,22295585700.3672,24.1085684320503,46.795,4.87329434697856
"Túnez",NA,2.2,1.1083929680381,74.2284178681771,15.378999710083,0.59989,100,59.2512824959591,NA,0.59989,2.07007940360996,41808379888.2682,37.6559937453942,31.358,18.6663233779609
"Turkmenistán",NA,NA,6.1999999664301,12.2530483263465,3.6949999332428,NA,100,NA,NA,NA,NA,3.618e+10,21.767720976212,48.847,4.12827442385036
"Turquía",78.1241786939498,NA,3.18381907738632,104.914075594766,10.8190002441406,NA,100,137.704921250184,NA,NA,2.17813995150133,863721731068.508,44.3115256776956,25.356,26.4815560723984
"Tuvalu",NA,NA,3.03495102867583,373.066666666667,NA,NA,99.426155090332,NA,NA,NA,NA,36572611.8853148,NA,38.47,NA
"Ucrania",97.6706672452382,NA,2.44099473810617,77.389796129745,9.51000022888184,0.48384,100,52.7474371491335,5.01436996459961,0.48384,3.41297458636394,93355993628.5042,20.3097758188675,30.754,56.5796060694989
"Uganda",4.06023569355875,NA,4.78100029145199,213.759016556952,1.69799995422363,NA,26.7,1.91084784024004,2.55882000923157,NA,1.6750659682249,24133664284.5033,50.4943213226178,76.804,34.4105326152005
"Uruguay",84.7262904726532,2.8,1.68979816237868,19.7505999314364,7.8899998664856,0.40845,100,143.668461379377,NA,0.40845,2.05162848736819,52687612261.5424,9.27488332030728,4.76000000000001,13.7732836113373
"Uzbekistán",24.1470062312978,NA,7.80000000151786,76.1335213916314,4.97200012207031,0.22139,100,232.703181818182,6.91097021102905,0.22139,NA,67445712840.4013,28.455901201856,49.45,10.3432063939821
"Vanuatu",NA,NA,4.00057448624516,22.6615258408532,5.4229998588562,NA,57.82,NA,NA,NA,NA,787942567.411846,11.6527770296143,74.837,1.64068908941756
"Venezuela",NA,0.8,NA,36.2531205713962,7.42199993133545,0.11867,99.6038360595703,183.467528935185,NA,0.11867,0.487844144882163,NA,17.0085535697031,11.817,3.06105096082988
"Viet Nam",24.3360147797111,2.6,6.21081166789989,308.126552068888,1.8860000371933,NA,100,429.784831380394,NA,NA,2.28651071221859,205276172134.901,29.6267283386303,64.787,22.5690973006095
"Yemen, Rep. del",NA,0.7,-13.621458438417,53.5076235392162,13.1750001907349,NA,71.6423492431641,16.3965460459391,NA,NA,NA,36436652465.1639,50.4560068932715,63.984,2.363770668788
"Zambia",11.2933897649682,NA,3.75717780476374,22.9948344745019,7.20599985122681,NA,27.2193374633789,89.5940696957237,NA,NA,1.3415202878284,20954754378.1394,27.438034758712,57.024,5.11171794078478
"Zimbabwe",5.79291054758335,NA,0.75586925093063,42.7294920511826,4.94299983978271,NA,38.1451377868652,22.9,NA,NA,1.97058335852077,20548678100,22.2516710932407,67.763,10.3399250355435
